Name	Current price	Original price	Link	Rating	Rate Count
Thiết bị lưu trữ mạng NAS Synology DS124	3.900.000 VND	4.750.000 VND	https://memoryzone.com.vn/thiet-bi-luu-tru-mang-nas-synology-ds124	0	0
Thiết bị lưu trữ mạng NAS Synology DS223j	4.950.000 VND	5.850.000 VND	https://memoryzone.com.vn/thiet-bi-luu-tru-mang-nas-synology-ds223j	5	6
Thiết bị lưu trữ mạng NAS Synology DS220j	4.950.000 VND	5.850.000 VND	https://memoryzone.com.vn/thiet-bi-luu-tru-nas-synology-ds220j	5	15
Thiết bị lưu trữ mạng NAS Synology DS223	7.500.000 VND	8.900.000 VND	https://memoryzone.com.vn/thiet-bi-luu-tru-mang-nas-synology-ds223	0	0
Thiết bị lưu trữ mạng NAS Synology DS224+	8.590.000 VND	9.750.000 VND	https://memoryzone.com.vn/thiet-bi-luu-tru-mang-nas-synology-ds224	5	4
Thiết bị lưu trữ mạng NAS Synology DS423	9.990.000 VND	12.500.000 VND	https://memoryzone.com.vn/thiet-bi-luu-tru-mang-nas-synology-ds423-1	0	0
Thiết bị lưu trữ mạng NAS Synology DS723+	12.400.000 VND	14.000.000 VND	https://memoryzone.com.vn/thiet-bi-luu-tru-mang-nas-synology-ds723	0	0
Thiết bị lưu trữ mạng NAS Synology DS423+	12.900.000 VND	14.600.000 VND	https://memoryzone.com.vn/thiet-bi-luu-tru-mang-nas-synology-ds423	0	0
Thiết bị lưu trữ mạng NAS Synology DS923+	15.300.000 VND	17.500.000 VND	https://memoryzone.com.vn/thiet-bi-luu-tru-mang-nas-synology-ds923	5	2
Thiết bị lưu trữ mạng NAS Synology DS1522+	19.900.000 VND	23.990.000 VND	https://memoryzone.com.vn/thiet-bi-luu-tru-mang-nas-synology-ds1522	0	0
Thiết bị lưu trữ mạng NAS Synology DS1621+	25.500.000 VND	28.000.000 VND	https://memoryzone.com.vn/thiet-bi-luu-tru-mang-nas-synology-ds1621	0	0
Thiết bị lưu trữ mạng NAS Synology DS1821+	27.500.000 VND	35.000.000 VND	https://memoryzone.com.vn/thiet-bi-luu-tru-mang-nas-synology-ds1821	0	0
Thiết bị lưu trữ mạng NAS Synology DS1823xs+	45.000.000 VND	52.990.000 VND	https://memoryzone.com.vn/thiet-bi-luu-tru-mang-nas-synology-ds1823xs	0	0
Thiết bị lưu trữ mạng NAS Synology DS2422+	52.000.000 VND	59.000.000 VND	https://memoryzone.com.vn/thiet-bi-luu-tru-mang-nas-synology-ds2422	0	0
Thiết bị lưu trữ mạng NAS Synology DS3622xs+	79.500.000 VND	84.990.000 VND	https://memoryzone.com.vn/thiet-bi-luu-tru-mang-nas-synology-ds3622xs	0	0
